timestamp,ollama-deployment-b47f85cb4-5glnr,ollama-deployment-b47f85cb4-cnp9n,ollama-deployment-b47f85cb4-hhxbb,ollama-deployment-b47f85cb4-kbmpj,ollama-deployment-b47f85cb4-mk4j6,ollama-deployment-b47f85cb4-mwbt5,ollama-deployment-b47f85cb4-n8t54,vectorexp-deployment-668478cb95-rn5pj
2025-04-23T08:12:09.882990,1,1,1,1,1,1,1,1
2025-04-23T08:12:20.293422,1,1,1,1,1,1,1,1
2025-04-23T08:12:30.673975,1,1,1,1,1,1,1,1
2025-04-23T08:18:59.157510,1,148,1,1,505,288,235,2
2025-04-23T08:19:09.576568,1,1020,1230,86,1588,610,298,3
2025-04-23T08:19:20.260247,1,1020,1230,86,1588,610,298,3
2025-04-23T08:19:30.675117,19,393,678,746,1601,156,72,2
2025-04-23T08:19:41.127349,1,802,459,1,1601,1222,1,2
2025-04-23T08:19:51.548560,190,963,52,1183,34,1118,256,3
2025-04-23T08:20:01.948094,190,963,52,1183,34,1118,256,3
2025-04-23T08:20:12.349499,1,1958,861,1,1,694,325,3
2025-04-23T08:20:23.230707,1,1976,861,1,243,2,239,2
2025-04-23T08:20:33.829575,1,1976,861,1,243,2,239,2
2025-04-23T08:20:44.248498,628,1972,1789,875,1,403,1128,1
2025-04-23T08:20:54.654953,894,1976,1114,108,133,248,1,2
2025-04-23T08:21:05.075960,894,1976,1114,108,133,248,1,2
2025-04-23T08:21:15.624971,1,1977,1975,1,189,1,1709,1
2025-04-23T08:21:26.002287,1,1978,1978,1,1975,1,1979,1
2025-04-23T08:21:36.590058,1,1978,1977,1,1978,1,1979,1
2025-04-23T08:21:47.372073,1,1978,1977,1,1978,1,1979,1
2025-04-23T08:21:57.746774,51,1189,1975,1,1963,174,1979,2
2025-04-23T08:22:09.927607,764,560,1978,1,805,748,1972,4
2025-04-23T08:22:20.335977,764,560,1978,1,805,748,1972,4
2025-04-23T08:22:30.762972,1010,90,1983,1091,805,1953,1979,2
2025-04-23T08:22:41.198248,1010,34,1978,1091,1,1963,1979,2
2025-04-23T08:22:51.691915,124,34,1979,41,1,1969,1979,1
2025-04-23T08:23:02.279391,124,34,1979,41,1,1969,1979,1
2025-04-23T08:23:12.632571,60,271,1976,1,1,174,1977,1
2025-04-23T08:23:23.193822,32,1978,1979,1,706,1,1978,1
2025-04-23T08:23:33.574106,32,1978,1979,1,706,1,1978,1
2025-04-23T08:23:44.200628,322,1978,1981,1,51,1,1977,1
2025-04-23T08:23:54.903923,322,1320,1982,120,66,1368,1978,2
2025-04-23T08:24:06.256927,322,1320,1982,120,66,1368,1978,2
2025-04-23T08:24:16.705049,73,1,1981,1953,1,82,1980,2
2025-04-23T08:24:27.292747,1,1,1981,1971,1,1,1975,1
2025-04-23T08:24:37.862101,1,880,1982,1731,1,1,1976,1
2025-04-23T08:24:48.274150,1,1,1982,1731,1,1,1976,1
2025-04-23T08:24:58.803444,31,1763,1981,1,1,1,1977,1
2025-04-23T08:25:09.209390,1,1763,1981,1,1,1,1979,1
2025-04-23T08:25:19.639066,1,1763,1981,1,1,1,1979,1
2025-04-23T08:25:30.018970,1,1976,1981,1,1,1,1980,1
2025-04-23T08:25:40.980828,1,1976,1981,1,1,1,1979,1
2025-04-23T08:25:51.557610,1,1976,1981,1,1,1,1977,1
2025-04-23T08:26:02.161253,1,1976,1981,1,1,1,1978,1
2025-04-23T08:26:12.738475,1,1976,1981,1,1,1,1977,1
2025-04-23T08:26:23.352564,1,1975,1981,1,1,1,1979,1
2025-04-23T08:26:33.927621,1,1975,1981,1,1,1,1979,1
2025-04-23T08:26:44.556131,1,1975,1981,1,1,1,1979,1
2025-04-23T08:26:55.181947,1,1981,1981,1,1,1,1979,1
2025-04-23T08:27:07.109212,1,1981,1981,1,1,1,1976,1
2025-04-23T08:27:17.747999,1,1981,1981,1,1,1,1976,1
2025-04-23T08:27:28.181444,1,1981,1980,1,1,1,1977,1
2025-04-23T08:27:38.781610,1,1980,1981,1,1,1,1979,1
2025-04-23T08:27:49.444656,1,1980,1981,1,1,1,1979,1
2025-04-23T08:27:59.833105,1,1981,1980,1,1,1,1979,1
2025-04-23T08:28:10.508235,1,1980,1981,1,1,1,1977,1
2025-04-23T08:28:21.087227,1,1980,1981,1,1,1,1977,1
2025-04-23T08:28:31.505895,1,1981,1981,1,1,1,1976,1
2025-04-23T08:28:42.120066,1,1980,1981,1,1,1,1979,1
2025-04-23T08:28:52.543195,1,1980,1981,1,1,1,1979,1
2025-04-23T08:29:03.128556,1,1980,1981,1,1,1,1979,1
2025-04-23T08:29:13.929264,1,1980,1981,1,1,2,1978,1
2025-04-23T08:29:24.533577,1,1980,1981,1,1,1,1977,1
2025-04-23T08:29:35.042724,1,1980,1981,1,1,1,1977,1
2025-04-23T08:29:45.635994,1,1981,1981,2,1,1,1976,1
2025-04-23T08:29:56.220987,2,1980,1981,1,1,1,1978,1
2025-04-23T08:30:06.622391,1,1981,1981,1,1,1,1979,1
2025-04-23T08:30:17.031354,1,1981,1981,1,1,1,1979,1
2025-04-23T08:30:29.015292,1,1979,1981,1,1,1,1979,1
2025-04-23T08:30:39.839020,1,1980,1981,1,1,1,1977,1
2025-04-23T08:30:50.439062,1,1980,1981,1,1,1,1977,1
2025-04-23T08:31:00.850683,1,1980,1981,1,1,1,1977,1
2025-04-23T08:31:11.281326,1,1981,1981,1,1,1,1979,1
2025-04-23T08:31:21.665634,1,1980,1980,1,1,1,1978,1
2025-04-23T08:31:32.283582,1,1980,1980,1,1,1,1978,1
2025-04-23T08:31:42.716694,1,1980,1981,1,1,1,1979,1
2025-04-23T08:31:53.345328,1,1980,1981,1,1,1,1976,1
2025-04-23T08:32:04.292139,1,1980,1981,1,1,1,1976,1
2025-04-23T08:32:15.034941,1,1980,1980,1,1,1,1978,1
2025-04-23T08:32:25.650894,1,1979,1981,1,1,1,1978,1
2025-04-23T08:32:36.266853,1,1979,1981,1,1,1,1979,1
2025-04-23T08:32:46.833192,1,1979,1981,1,1,1,1979,1
2025-04-23T08:32:57.500951,1,1980,1981,1,1,1,1979,1
2025-04-23T08:33:08.104012,1,1980,1981,1,1,1,1976,1
2025-04-23T08:33:18.728682,1,1980,1981,1,1,1,1976,1
2025-04-23T08:33:29.320175,1,1982,1981,1,1,17,1977,1
2025-04-23T08:33:39.721375,1,1977,1981,1,98,114,1981,1
2025-04-23T08:33:50.146174,1,1977,1981,1,98,114,1981,1
2025-04-23T08:34:00.591423,1,1982,1981,1,1,1,1981,1
2025-04-23T08:34:11.291448,1,1982,1981,1,1,1,1980,1
2025-04-23T08:34:22.001606,1,1979,1981,233,1,1,1979,1
2025-04-23T08:34:32.409274,1,1979,1981,233,1,1,1979,1
2025-04-23T08:34:42.786688,1165,1979,1981,1,1,1,1982,1
2025-04-23T08:34:53.187128,185,1979,1981,1,31,55,1980,2
2025-04-23T08:35:03.867668,185,1979,1981,1,31,55,1980,2
2025-04-23T08:35:14.460124,727,1979,1980,1,1,1,1979,1
2025-04-23T08:35:25.081151,722,1979,1981,592,1,27,1980,1
2025-04-23T08:35:35.812924,722,1979,1981,592,1,245,1980,1
2025-04-23T08:35:46.502889,720,1981,1981,1,646,839,1980,2
2025-04-23T08:35:56.995588,970,1979,1981,93,646,1,1981,3
2025-04-23T08:36:07.597047,12,1979,1979,1,29,1,1981,1
2025-04-23T08:36:17.987321,12,1979,1979,1,29,1,1981,1
2025-04-23T08:36:28.405561,1,1980,1978,1,1,1,1978,1
2025-04-23T08:36:39.021728,1,1977,1980,138,1,1,1980,2
2025-04-23T08:36:49.592463,1,1977,1980,138,1,1,1980,2
2025-04-23T08:37:00.126851,92,1977,1981,1,1,49,1981,2
2025-04-23T08:37:10.804802,1,1981,1978,1,1,1,1979,1
2025-04-23T08:37:21.422134,1,1980,1978,1,1,1,1980,1
2025-04-23T08:37:31.945870,1,1980,1978,1,1,1,1980,1
2025-04-23T08:37:42.578301,1,1979,1980,1,1,1,1979,1
2025-04-23T08:37:53.146638,1,1980,1981,1,1,1,1979,1
2025-04-23T08:38:03.701469,1,1980,1981,1,1,1,1979,1
2025-04-23T08:38:14.111758,1,1979,1982,1,1,1,1979,1
2025-04-23T08:38:24.492975,1,1979,1982,1,1,1,1979,1
2025-04-23T08:38:35.093039,1,1979,1982,1,1,1,1979,1
2025-04-23T08:38:45.630768,1,1980,1960,1,1,1,1979,1
2025-04-23T08:38:56.006305,1,1979,1981,1,1,1,1979,1
2025-04-23T08:39:06.570782,1,1981,1982,1,1,1,1979,2
2025-04-23T08:39:17.159026,1,1981,1982,1,1,1,1979,2
2025-04-23T08:39:27.933343,1,1980,1986,1,203,1,1979,1
2025-04-23T08:39:38.526816,89,1980,1985,198,1,16,1981,2
2025-04-23T08:39:49.444702,89,1980,1985,198,1,16,1981,2
2025-04-23T08:39:59.852899,1,1980,1985,1,1,1,1981,2
2025-04-23T08:40:10.219379,1,1980,1985,1,1,1,1980,1
2025-04-23T08:40:20.811848,1,1980,1985,1,1,1,1980,1
2025-04-23T08:40:31.234482,1,1980,1985,1,1,1,1981,1
2025-04-23T08:40:41.888789,1,1980,1985,1,1,1,1981,1
2025-04-23T08:40:52.314092,22,1979,1985,104,1083,1,1982,1
2025-04-23T08:41:02.709421,22,1979,1985,104,1083,1,1982,1
2025-04-23T08:41:13.306275,1,1976,1985,1,1,1,1982,1
2025-04-23T08:41:24.657502,46,1981,1985,196,1,448,1983,2
2025-04-23T08:41:35.239432,46,1981,1985,196,1,448,1983,2
2025-04-23T08:41:45.848612,16,1981,1986,1,1,1,1980,1
2025-04-23T08:41:56.304992,16,1980,1985,1,1345,1,1980,1
2025-04-23T08:42:07.009816,1,1979,1984,1,1,31,1980,2
2025-04-23T08:42:17.803633,1,1979,1984,1,1,31,1980,2
2025-04-23T08:42:28.391480,1,1980,1987,1,1,82,1980,1
2025-04-23T08:42:38.784734,1,1977,1984,1,1,1,1981,1
2025-04-23T08:42:49.390697,1,1977,1984,1,1,1,1981,1
2025-04-23T08:42:59.936394,23,1981,1984,85,184,802,1980,2
2025-04-23T08:43:10.516101,1,1981,1985,1,825,1,1981,1
2025-04-23T08:43:21.134343,400,1979,1985,1,1,1,1980,1
2025-04-23T08:43:31.551688,400,1979,1985,1,1,1,1980,1
2025-04-23T08:43:43.208479,1,1978,1985,114,1,1,1980,2
2025-04-23T08:43:54.019843,1,1981,1985,1,1,1,1979,1
2025-04-23T08:44:04.748627,1,1981,1985,1,1,1,1979,1
2025-04-23T08:44:15.353264,1,1978,1985,1,1,1,1980,1
2025-04-23T08:44:27.932842,1,1978,1985,1,1,735,1980,1
2025-04-23T08:44:38.530910,1,1979,1984,1,77,1,1979,1
2025-04-23T08:44:49.064805,1,1979,1984,1,77,1,1979,1
2025-04-23T08:44:59.620893,676,1979,1985,1,1,928,1980,1
2025-04-23T08:45:10.148116,1,1979,1983,1,1,928,1980,1
2025-04-23T08:45:20.530962,1,1980,1983,1,1,928,1980,1
2025-04-23T08:45:30.899671,1,1980,1983,1,1,1,1979,1
2025-04-23T08:45:41.305974,61,1981,1983,1,1,651,1980,2
2025-04-23T08:45:51.721142,61,1981,1985,1087,1,1081,1980,1
2025-04-23T08:46:02.068938,61,1981,1985,1087,1,1081,1980,1
2025-04-23T08:46:12.445177,794,1982,1985,1,1,959,1980,2
2025-04-23T08:46:23.172237,794,1981,1985,1,1,1,1979,1
2025-04-23T08:46:33.978026,794,1981,1985,1,1,1,1979,1
2025-04-23T08:46:44.557041,1549,1981,1985,1,1,1,1979,2
2025-04-23T08:46:54.981236,1,1980,1985,290,1,71,1982,2
2025-04-23T08:47:05.358743,1,1980,1985,290,1,71,1982,2
2025-04-23T08:47:15.790164,1,1980,1986,629,1,1,1980,2
2025-04-23T08:47:26.246916,1,1980,1982,1,1,1,1980,2
2025-04-23T08:47:36.998833,1,1979,1983,1,1,1,1980,1
2025-04-23T08:47:47.476327,1,1979,1983,1,1,1,1980,1
2025-04-23T08:47:58.426537,1,1980,1984,1,381,1,1981,1
2025-04-23T08:48:09.027487,1,1982,1985,1,1952,1,1980,1
2025-04-23T08:48:19.619446,1,1982,1985,1,1952,1,1980,1
2025-04-23T08:48:30.225593,1,1981,1985,1,1971,1,1980,1
2025-04-23T08:48:40.830878,1,1980,1985,1,1967,1,1980,1
2025-04-23T08:48:51.466161,1,1980,1985,1,1967,1,1980,1
2025-04-23T08:49:02.039862,1,1980,1985,1,1967,1,1980,1
2025-04-23T08:49:12.696316,974,1981,1985,905,1538,73,1979,1
2025-04-23T08:49:23.126884,1,1981,1985,427,1,1,1979,1
2025-04-23T08:49:33.551634,1,1981,1985,427,1,1,1979,1
2025-04-23T08:49:44.162689,1,1981,1984,427,897,1,1981,2
2025-04-23T08:49:54.761166,1,1981,1984,1,897,1,1980,2
2025-04-23T08:50:05.178625,1,1981,1984,1,897,1,1980,2
2025-04-23T08:50:15.894271,23,1980,1984,1,907,1,1980,1
2025-04-23T08:50:26.620061,79,1978,1984,424,363,1,1980,1
2025-04-23T08:50:37.280960,454,1982,1986,716,1,92,1979,3
2025-04-23T08:50:47.890020,454,1982,1986,716,1,92,1979,3
2025-04-23T08:50:58.965226,235,1982,1985,36,1,1,1983,1
2025-04-23T08:51:09.574834,1,1981,1985,1,1,1,1981,1
2025-04-23T08:51:20.104562,1,1981,1985,1,1,1,1981,1
2025-04-23T08:51:30.478384,1,1981,1985,1,1,1,1981,1
2025-04-23T08:51:40.891485,1,1980,1985,1,1,1,1983,1
2025-04-23T08:51:51.459358,1,1979,1985,1,1,1,1984,1
2025-04-23T08:52:02.173590,1,1979,1985,1,1,1,1983,1
2025-04-23T08:52:12.758133,1,130,1985,655,1,1,1984,2
